{
	"parent": "item/generated",
	"textures": {
		"layer0": "item/paper"
	},
	
	"overrides": [
		{"predicate": {"custom_model_data":1}, "model": "item/skills/exodia_right_arm"},
		{"predicate": {"custom_model_data":2}, "model": "item/skills/exodia_left_arm"},
		{"predicate": {"custom_model_data":3}, "model": "item/skills/exodia_right_leg"},
		{"predicate": {"custom_model_data":4}, "model": "item/skills/exodia_left_leg"},
		{"predicate": {"custom_model_data":5}, "model": "item/skills/exodia"}
	]
}