{
  "pwaa.shout_objection": {
    "category": "record",
    "replace": true,
    "sounds": [
	  {
	  "name": "pwaa/shout_objection",
      "stream": true
	  }
    ]
  },
  "pwaa.shout_holdit": {
    "category": "record",
    "replace": true,
    "sounds": [
	  {
	  "name": "pwaa/shout_holdit",
      "stream": true
	  }
    ]
  },
  "pwaa.shout_takethat": {
    "category": "record",
    "replace": true,
    "sounds": [
	  {
	  "name": "pwaa/shout_takethat",
      "stream": true
	  }
    ]
  },
  "pwaa.se_button_choose": {
    "category": "record",
    "replace": true,
    "sounds": [
	  {
	  "name": "pwaa/se_button_choose",
      "stream": true
	  }
    ]
  },
  "pwaa.se_button_press": {
    "category": "record",
    "replace": true,
    "sounds": [
	  {
	  "name": "pwaa/se_button_press",
      "stream": true
	  }
    ]
  },
  "pwaa.se_fall": {
    "category": "record",
    "replace": true,
    "sounds": [
	  {
	  "name": "pwaa/se_fall",
      "stream": true
	  }
    ]
  },
  "pwaa.se_finalhit": {
    "category": "record",
    "replace": true,
    "sounds": [
	  {
	  "name": "pwaa/se_finalhit",
      "stream": true
	  }
    ]
  },
  "pwaa.se_odd": {
    "category": "record",
    "replace": true,
    "sounds": [
	  {
	  "name": "pwaa/se_odd",
      "stream": true
	  }
    ]
  },
  "pwaa.se_pullsout": {
    "category": "record",
    "replace": true,
    "sounds": [
	  {
	  "name": "pwaa/se_pullsout",
      "stream": true
	  }
    ]
  },
  "pwaa.se_slam_desk": {
    "category": "record",
    "replace": true,
    "sounds": [
	  {
	  "name": "pwaa/se_slam_desk",
      "stream": true
	  }
    ]
  },
  "pwaa.se_start_ce_main": {
    "category": "record",
    "replace": true,
    "sounds": [
	  {
	  "name": "pwaa/se_start_ce_main",
      "stream": true
	  }
    ]
  },
  "pwaa.se_start_ce_back": {
    "category": "record",
    "replace": true,
    "sounds": [
	  {
	  "name": "pwaa/se_start_ce_back",
      "stream": true
	  }
    ]
  },
  "pwaa.se_surprise": {
    "category": "record",
    "replace": true,
    "sounds": [
	  {
	  "name": "pwaa/se_surprise",
      "stream": true
	  }
    ]
  },
  "pwaa.se_text_say": {
    "category": "record",
    "replace": true,
    "sounds": [
	  {
	  "name": "pwaa/se_text_say",
      "stream": true
	  }
    ]
  },
  "pwaa.se_text_type": {
    "category": "record",
    "replace": true,
    "sounds": [
	  {
	  "name": "pwaa/se_text_type",
      "stream": true
	  }
    ]
  },
  "pwaa.se_well": {
    "category": "record",
    "replace": true,
    "sounds": [
	  {
	  "name": "pwaa/se_well",
      "stream": true
	  }
    ]
  },
  "pwaa.se_hammer": {
    "category": "record",
    "replace": true,
    "sounds": [
	  {
	  "name": "pwaa/se_hammer",
      "stream": true
	  }
    ]
  },
  "pwaa.se_audience": {
    "category": "record",
    "replace": true,
    "sounds": [
	  {
	  "name": "pwaa/se_audience",
      "stream": true
	  }
    ]
  },
  "pwaa.se_penalty": {
    "category": "record",
    "replace": true,
    "sounds": [
	  {
	  "name": "pwaa/se_penalty",
      "stream": true
	  }
    ]
  },
  "pwaa.shout_holdit_ko": {
    "category": "record",
    "replace": true,
    "sounds": [
	  {
	  "name": "pwaa/shout_holdit_ko",
      "stream": true
	  }
    ]
  },
  "pwaa.shout_objection_ko": {
    "category": "record",
    "replace": true,
    "sounds": [
	  {
	  "name": "pwaa/shout_objection_ko",
      "stream": true
	  }
    ]
  },
  "pwaa.shout_objection_miles_ko": {
    "category": "record",
    "replace": true,
    "sounds": [
	  {
	  "name": "pwaa/shout_objection_miles_ko",
      "stream": true
	  }
    ]
  },
  "pwaa.shout_objection_mia_ko": {
    "category": "record",
    "replace": true,
    "sounds": [
	  {
	  "name": "pwaa/shout_objection_mia_ko",
      "stream": true
	  }
    ]
  },
  "pwaa.shout_objection_manfred_ko": {
    "category": "record",
    "replace": true,
    "sounds": [
	  {
	  "name": "pwaa/shout_objection_manfred_ko",
      "stream": true
	  }
    ]
  },
  "pwaa.shout_objection_payne_ko": {
    "category": "record",
    "replace": true,
    "sounds": [
	  {
	  "name": "pwaa/shout_objection_payne_ko",
      "stream": true
	  }
    ]
  },
  "pwaa.shout_objection_franzisca_ko": {
    "category": "record",
    "replace": true,
    "sounds": [
	  {
	  "name": "pwaa/shout_objection_franzisca_ko",
      "stream": true
	  }
    ]
  },
  "pwaa.shout_objection_godot_ko": {
    "category": "record",
    "replace": true,
    "sounds": [
	  {
	  "name": "pwaa/shout_objection_godot_ko",
      "stream": true
	  }
    ]
  },
  "pwaa.shout_objection_jp": {
    "category": "record",
    "replace": true,
    "sounds": [
	  {
	  "name": "pwaa/shout_objection_jp",
      "stream": true
	  }
    ]
  },
  "pwaa.shout_takethat_ko": {
    "category": "record",
    "replace": true,
    "sounds": [
	  {
	  "name": "pwaa/shout_takethat_ko",
      "stream": true
	  }
    ]
  },
  "dtr.rude_buster": {
    "category": "record",
    "replace": true,
    "sounds": [
	  {
	  "name": "dtr/battle",
      "stream": true
	  }
    ]
  }
}